Title,Description
♔ forged auto insurance card - state farm ♔,This is a listing for a forged auto / car insurance card or proof of insurance. In addition to this item being forged car insurance it also will work for motorcycles as well. This is about the size of...
♔ forged prescription rx pad slips ♔,This listing is for a forged prescription pad slip. This item can be filled out and used at a pharmacy in the United States to get prescriptions filled. This item is very high quality and complies wit...
♔ forged walgreens rx labels - 1 year ♔,"This listing is a one year supply of the Forged Walgreens Prescription Rx Labels, which normally come in a set of only 3 labels not 12 labels. This listing provides a bulk buy discount making it an ex..."
armani business casual shirts-2,"Armani business casual shirts-2.2023 counters are simultaneously sold, simple and fashionable, all-match, self-cultivation, customized double-strand 120 poplin cotton fabric, soft and delicate, skin-f..."
louis vuitton business casual shirts,"Louis Vuitton business casual shirts. Sale at the 2023 counters, simple and fashionable, all-match, slim-fitting, customized double-strand 120 poplin cotton fabric, soft and delicate, comfortable and ..."
♔ aaa emergency road service membership card ♔,"This listing is for a forged AAA Emergency Road Service membership card. These are used to get roadside service when your car is broken down, has a dead battery, runs out of gas, or needs a tow along ..."
seychelles,"Seychelles  partial release listing, for thelostboy 40%"
armani mercerized cotton t-shirt 77006,"Armani mercerized cotton t-shirt 77006. 2023 latest European goods will be listed at the counter, the same style, the same style for men and women, top double mercerized cotton fabric, comfortable to ..."
banner lapel t-shirt white,"Banner lapel t-shirt white. Original version, selected high-quality double mercerized piqué cotton fabrics, customized fabrics, digital direct injection technology, soft texture, close-fitting icy sm..."
hermès mercerized cotton t-shirt 77001,"Hermès mercerized cotton t-shirt 77001. The same style for the latest European products in 2023, the same style for men and women, top double mercerized cotton fabric, comfortable to touch, sweat-abs..."
♔ forged w-2 employment tax form - proof of employ,"This listing is for a forged W-2 tax return form. These are fully customizable by the buyer. These will come will all three copies, the federal copy, the state copy and the personal records copy (be c..."
dior 2023 spring short-sleeved t-shirt-2,"Dior 2023 spring short-sleeved T-shirt-2. Made of customer-provided long-staple cotton fabric, soft and skin-friendly, with brand printing on the chest‼ Self-recognition advertises identity, both in..."
♔ forged queen mary university of london ♔,This listing is for a forged Queen Mary University of London  diploma. This forgery is identical to the real diploma and will be printed on the same type of high grade linen and cotton blend of card s...
burberry hooded jacket,"Burberry Hooded Jacket. Explosive jacket spring 2023 hot new products, original official website, official website catwalk original good goods, explosive seamless fashion jacket, extremely comfortable..."
♔ forged university of cambridge diploma ♔,This listing is for a forged University of Cambridge diploma. This forgery is identical to the real diploma and will be printed on the same type of high grade linen and cotton blend of card stock pape...
balenciaga crack print t-shirt,"Balenciaga crack print t-shirt. 32 high-density double yarn 260 grams 100% pure cotton, ribbed with double yarn large rib neckline, washed and broken pattern printing, loose version, no color fade, no..."
lv water flow pure cotton t-shirt,"LV water flow pure cotton T-shirt. Color: black, white . Size: S M L XL XXL"
(premium) maryland fake id/drivers license,"All of our IDs include state specific holograms (multi-spec and/or OVI), microprint, raised text, embossed text, and scannable/readable 1D/2D barcodes.

ALL orders will come with tracking information ..."
♔ forged rutgers state university student id ♔,This is a listing for a Rutgers State University Student ID. This university is a college in New Jersey. This forgery was created from scans of real Rutgers University ID card. The ID can be either a ...
♔ forged australian queensland drivers license ♔,"This listing is for an Australian Queensland Heavy Vehicle Drivers License. It is the type of license issued in Queensland for driving large and heavy vehicles such as large dump trucks, eighteen whee..."
♔ forged university of houston diploma ♔,This listing is for a forged University of Houston diploma. This forgery is identical to the real diploma and will be printed on the same type of high grade linen and cotton blend of card stock paper....
dior 2023 spring short-sleeved t-shirt,"Dior 2023 spring short-sleeved T-shirt. Made of customer-provided long-staple cotton fabric, soft and skin-friendly, with brand printing on the chest‼ Self-recognition advertises identity, both insi..."
burberry hooded sweater black,"Burberry hooded sweater black. The official website is synchronized, with simple and smooth lines, elegant temperament and a slim fit, full of youthful vitality, a sense of three-dimensional profile i..."
dior double-sided jacket,"Dior double-sided jacket. Synchronized with the official website, simple and smooth lines, elegant temperament and slim profile, full of youthful vitality, a sense of three-dimensional profile in the ..."
armani business casual shirts-1,"Armani business casual shirts-1.2023 counters are sold simultaneously, simple and fashionable, all-match, slim-fitting, customized double-strand 120 poplin cotton fabric, soft and delicate, skin-frien..."
♔ forged auto insurance card - geico ♔,This is a listing for a forged auto / car insurance card or proof of insurance. In addition to this item being forged car insurance it also will work for motorcycles as well. This is about the size of...
burberry mercerized cotton t-shirt 77008,"Burberry mercerized cotton t-shirt 77008. 2023 latest European goods, the same style, the same style for men and women, top double mercerized cotton fabric, comfortable to touch, sweat-absorbent and b..."
burberry catwalk style pure cotton t-shirt,"Burberry catwalk style Pure cotton t-shirt, high-end craftsmanship, meticulous materials, 250 grams of double yarn double-strand cotton fabric, 5D Korean glue printing, the printing does not stick tog..."
♔ forged paystub - earnings statement ♔,This listing is for a forged paystub. This is sufficient proof of employment. This forgery will be offered in two forms; digital and a hard copy. Below you can select a postage option to get the hard ...
burberry fashion long-sleeved shirt,"Burberry Fashion long-sleeved shirt. New products in the early spring of 21 years, classic star single products, high fashion show models, advertising album image matching models
The appearance of men..."
are you looking for grade a euro bills,"Top Quality Counterfeit Banknotes For Sale, US Dollars (USD), Euros (EUR), British Pound (GBP) etc available We've partnered with most vendors in top top European countries, Australia, Canada, South..."
♔ forged wells fargo bank statement – with transac,This is a listing for a forged Wells Fargo bank statement. This statement is a full four page statement showing deposits and transactions as opposed to a simple one page cover statement. This item is ...
♔ forged walmart prescription rx labels ♔,"PLEASE READ THIS ENTIRE LISTING BEFORE YOU ASK QUESTIONS OR ORDER
Rx LABEL FORGERIES ARE COMPLEX AND THERE IS MUCH INFO TO LEARN
This listing is for forged prescription Rx labels. These labels are ide..."
lv mercerized cotton t-shirt 77013,"LV mercerized cotton t-shirt 77013. The same style for the latest European products in 2023, the same style for men and women, top double mercerized cotton fabric, comfortable to touch, sweat-absorben..."
♔ forged university of delaware diploma ♔,This listing is for a forged University of Delaware diploma. This forgery is identical to the real diploma and will be printed on the same type of high grade linen and cotton blend of card stock paper...
♔ forged blue cross blue shield health care card ♔,This listing is for a forged Blue Cross Blue Shield health insurance card / proof of insurance card. These cards are printed double sided and are plastic heat laminated cards. They are waterproof and ...
♔ forged auto insurance card - allstate ♔,This is a listing for a forged auto / car insurance card or proof of insurance. In addition to this item being forged car insurance it also will work for motorcycles as well. This is about the size of...
♔ forged td ameritrade bank statement – with trans,This is a listing for a forged TD Ameritrade bank statement. This statement is a full and complete statement showing deposits and transactions as opposed to a simple statement that only shows balances...
♔ forged kaiser permanente prescription rx labels,"PLEASE READ THIS ENTIRE LISTING BEFORE YOU ASK QUESTIONS OR ORDER
Rx LABEL FORGERIES ARE COMPLEX AND THERE IS MUCH INFO TO LEARN
This listing is for forged prescription Rx labels. These labels are ide..."
♔ forged cvs prescription rx labels - 1 year suppl,"This listing is a one year supply of the Forged CVS Prescription Rx Labels, which normally come in a set of only 3 labels not 12 labels. This listing provides a bulk buy discount making it an excellen..."
dior floral letters short sleeve t-shirt,"Dior floral letters short sleeve T-shirt. The same style for men and women, half sleeves, 230g cotton fabric, 26 double-strand double yarn, comfortable and breathable, good upper body effect, loose fi..."
♔ forged walgreens prescription rx labels ♔,"PLEASE READ THIS ENTIRE LISTING BEFORE YOU ASK QUESTIONS OR ORDER
Rx LABEL FORGERIES ARE COMPLEX AND THERE IS MUCH INFO TO LEARN
This listing is for forged prescription Rx labels. These labels are ide..."
♔ forged university of sunderland diploma ♔,This listing is for a forged University of Sunderland diploma. This forgery is identical to the real diploma and will be printed on the same type of high grade linen and cotton blend of card stock pap...
♔ forged rite aid prescription rx labels ♔,"PLEASE READ THIS ENTIRE LISTING BEFORE YOU ASK QUESTIONS OR ORDER
Rx LABEL FORGERIES ARE COMPLEX AND THERE IS MUCH INFO TO LEARN
This listing is for forged prescription Rx labels. These labels are ide..."
banner lapel t-shirt black,"Banner lapel t-shirt black. Original version, selected high-quality double mercerized piqué cotton fabrics, customized fabrics, digital direct injection technology, soft texture, close-fitting icy sm..."
♔ forged rowland pharmacy prescription rx labels ♔,"PLEASE READ THIS ENTIRE LISTING BEFORE YOU ASK QUESTIONS OR ORDER
Rx LABEL FORGERIES ARE COMPLEX AND THERE IS MUCH INFO TO LEARN
This listing is for forged prescription Rx labels. These labels are ide..."
♔ forged american red cross cards - all courses av,This listing is for forged American Red Cross certification cards. This order comes with 2 identical cards so you will have a spare. These cards are exact copies made real ones and printed on the same...
burberry jacket.,"Burberry jacket. Synchronized with the official website, simple and smooth lines, elegant temperament and slim fit, full of youthful vitality, a sense of three-dimensional profile in the future, and t..."
versace mercerized polo shirt,"Versace mercerized polo shirt. Made of mercerized cotton, precision three-dimensional embroidery on the chest ➕ the original hardware logo pattern, original factory production, high-quality shipment..."
♔ forged paystub - proof of employment ♔,"This listing is for a forged paystub. This is sufficient proof of employment. This forgery is designed to look like it was printed by the payroll company paychex, a company that prints and manages pay..."
skinnys scan and document school,"Since I dont do ID scans anymore, I decided to put together a course on making your own ID/SSN/docs/scans, complete with just about everything you need to set up shop selling your own scans!
Seriously..."
♔ forged binghamton university student id ♔,This is a listing for a Binghamton University Student ID. This university is a private university in New York State. This forgery was created from a blank real Binghamton University ID card. The ID ca...
prada jacket,"Prada jacket. Synchronized with the official website, simple and smooth lines, elegant temperament and slim fit, full of youthful vitality, a sense of future three-dimensional profile, and the upper b..."
♔ custom diploma or certificate – any university ♔,"==IMPORTANT PLEASE READ THIS ENTIRE LISTING BEFORE YOU BUY OR MESSAGE ME==

This listing is for a custom diploma. I offer other premade diplomas for buyers to choose from however I have had many reque..."
lv foam cotton t-shirt,"LV foam cotton T-shirt. Color: black, white. Size: S M L XL XXL"
hermes lapel t-shirt black,"Hermes lapel t-shirt black. Original version, selected high-quality double mercerized piqué cotton fabrics, customized fabrics, digital direct injection technology, soft texture, close-fitting icy sm..."
chrome hearts lapel t-shirt black,"Chrome Hearts lapel t-shirt black. Original version, selected high-quality double mercerized piqué cotton fabrics, customized fabrics, digital direct injection technology, soft texture, close-fitting..."
armani jacket,"Armani jacket. Synchronized with the official website, simple and smooth lines, elegant temperament and slim fit, full of youthful vitality, a sense of three-dimensional profile in the future, and the..."
♔ forged service dog id / fake guide dog id card ♔,This listing is for a forged / fake United States Service Dog Registry ID card. This is the legal card required to ID all service dogs in the United States. This is made from a template of the real on...
burberry hoodie white,"Burberry Hooded sweater! The official website is synchronized, with simple and smooth lines, elegant temperament and a slim fit, full of youthful vitality, a sense of three-dimensional profile in the ..."
burberry business casual shirts,"Burberry business casual shirts. It is sold at the 2023 counters, simple and fashionable, all-match, slim-fitting, customized double-strand 120 poplin cotton fabric, soft and delicate, skin-friendly a..."
♔ forged kaiser labels 1 year supply ♔,"This listing is a one year supply of the Forged Kaiser Permanente Prescription Rx Labels, which normally come in a set of only 3 labels not 12 labels. This listing provides a bulk buy discount making ..."
chrome hearts lapel t-shirt white,"Chrome Hearts lapel t-shirt white. Original version, selected high-quality double mercerized piqué cotton fabrics, customized fabrics, digital direct injection technology, soft texture, close-fitting..."
balenciaga catwalk cotton t-shirt,"Balenciaga catwalk cotton t-shirt, using 32 double yarn 230 g pure cotton fabric, using 1*1 double yarn cotton large rib collar, Korean watermark, very handcrafted, loose-fitting, no color fade, no de..."
lv presbyopia stitching t-shirt,LV presbyopia stitching t-shirt. Roman three-dimensional carved cloth stitching of two colors. High precision embroidery. 100% of the paper samples are output according to the counter board type. With...
armani business casual shirts,"Armani business casual shirts. The 2023 counters are sold simultaneously, simple and fashionable, all-match, slim-fitting, customized double-strand 120 poplin cotton fabric, soft and delicate, skin-fr..."
♔ forged auto insurance card - esurance ♔,This is a listing for a forged auto / car insurance card or proof of insurance. This is a digital copy that will be instantly delivered as a pdf over a secure file hosting server. In addition to this ...
burberry windbreaker jacket,"Burberry windbreaker jacket. Explosive jacket spring 2023 hot new product, official website original version, official website catwalk original good goods, Explosive style seamless fashion jacket, ext..."
dior 2023 spring short-sleeved t-shirt-1,"Dior 2023 spring short-sleeved T-shirt-1. Made of customer-provided long-staple cotton fabric, soft and skin-friendly, with brand printing on the chest‼ Self-recognition advertises identity, both in..."
"counterfeit banknotes (usd) 50s, 100s, 20s...","Top Quality Counterfeit Banknotes For Sale, US Dollars (USD), Euros (EUR), British Pound (GBP) etc available We've partnered with most vendors in top top European countries, Australia, Canada, South..."
♔ forged university of new south wales diploma ♔,This listing is for a forged University of New South Wales diploma. This forgery is identical to the real diploma and will be printed on the same type of high grade linen and cotton blend of card stoc...
"burberry  high-end embroidered t-shirt,","Burberry  high-end embroidered t-shirt, high-end craftsmanship, the fabric is very weighty with big eyeballs, the materials are meticulous, not paying attention to the cost, only paying attention to q..."
hq polish id/passport scans both sides   hq,"HQ POLISH ID/PASSPORT SCANS BOTH SIDES   VERY HIGH QUALITY INSTANT DELIVERY

FROM REAL PERSONS NOT PHOTOSHOPPED

Use it to verify any online account (Ebay,paypal,venmo,bank,betfair,localbitcoin,skrill..."
♔ australian queensland drivers license scan ♔,This listing is for a digital copy of an Australian Queensland Heavy Vehicle Drivers License. It is the type of license issued in Queensland for driving large and heavy vehicles such as large dump tru...
custom walgreens label,"Hello and welcome to addystarr! 
Here we have custom walgreens labels.

A wise man once said the best place to hide is in plain sight, we couldnt agree more!
Cops cant look at your medical records due..."
♔ forged australian credit card statement ♔,This listing is for a forged Australian credit card statement from the Commonwealth Bank of Australia. This forgery is delivered instantly in PDF format and can be printed out. These are used for a fe...
all usa drivers license templates - usa 47 states,"ALL USA DRIVERS License Templates - USA (47 States) + Photoshop CS6

Alabama
Alaska
Arizona
Arkansas
California
Colorado
Connecticut
Delaware
Florida
Georgia
Hawaii
Idaho
IllinoisIndiana
Iowa
Kansas
K..."
♔ california temporary driver’s license ♔,This listing is for a forged California temporary driver’s license. This forgery is a half sheet of paper that is issued at the California DMV as a temporary license. This forgery is issued for a tw...
♔ forged wells fargo bank statement ♔,This is a listing for a forged Wells Fargo bank statement. This item is delivered digitally in pdf format and you are able to print it out with any regular printer. These are used for a few reasons. T...
australia hq editable master payslip template,"Australia HQ Editable Master Payslip Template

Brought to you by the #1 Aussie Darknet vendor. Your all-in-one resource
for whatever Aussie stuff you need!

Australias Pride!

** AUSPRIDE **

Over the..."
australia high quality editable passport template,"Australia High Quality Editable Passport Template

Brought to you by the #1 Aussie Darknet vendor. Your all-in-one resource
for whatever Aussie stuff you need!

Australias Pride!

** AUSPRIDE **

Thes..."
american express bill template psd photoshop file,"American Express Bill Template PSD Photoshop format

Brought to you by the #1 Aussie Darknet vendor. Your all-in-one resource
for whatever Aussie stuff you need!

Australias Pride!

** AUSPRIDE **

Am..."
♔ forged bank of america bank statement ♔,This is a listing for a forged Bank of America bank statement. This item is delivered digitally in pdf format and you are able to print it out with any regular printer. These are used for a few reason...
australian editable vodafone phone bill template,"Australian Editable Vodafone Phone Bill Template

Brought to you by the #1 Aussie Darknet vendor. Your all-in-one resource
for whatever Aussie stuff you need!

Australias Pride!

** AUSPRIDE **

Vodaf..."
business check template,"Editable business check template, comes with front/back, evaluation version of the MICR font suite."
bank statement bundle,"BBT business bank statements and creation documents templates
Sun trust bank statement and creation document bank verification templates
BOA Business bank statement template"
fully editable australian utility bill pack,"Fully Editable Australian Utility Bill Pack - High Quality Document

Brought to you by the #1 Aussie Darknet vendor. Your all-in-one resource
for whatever Aussie stuff you need!

Australias Pride!

**..."
australia visa application granted notif document,"Australia VISA Application Granted Notification Document Template

Brought to you by the #1 Aussie Darknet vendor. Your all-in-one resource
for whatever Aussie stuff you need!

Australias Pride!

** A..."
♔ forged florida drivers license digital copy ♔,This is a listing for a forged Florida drivers license. This is a digital copy. It will not be printed on an ID card it will be delivered via email. Although not a physical ID and it will be just a co...
♔ australian nsw drivers license - scan ♔,his listing is for a digital copy of an Australian NSW (New South Wales) Drivers License. This digital copy will be in pdf format and not printed on an ID card. The ID looks the same as it does in the...
♔ forged hawaii drivers license digital copy ♔,This is a listing for a forged Hawaii drivers license. This is a digital copy. It will not be printed on an ID card it will be delivered digitally.. Although not a physical ID and it will be just a co...
♔ forged xfinity comcast statement ♔,This listing is for a forged Xfinity Comcast statement. This forgery is delivered instantly in PDF format and can be printed out. These are used for a few reasons. They can be used to show a proof of ...
♔ forged waste management statement ♔,This listing is for a forged waste management statement. This forgery is delivered instantly in PDF format and can be printed out. These are used for a few reasons. They can be used to show a proof of...
♔ forged australian electricity bill - integral ♔,This listing is for a forged Australian electricity  utility bill from the Integral Energy company Australia. This forgery is delivered instantly in PDF format and can be printed out. These are used f...
+++ new +++ bitcoin wallet cracker +++ 2023 +++,"What this program does in a nutshell:

- This program will generate a random mnemonic (seed) and then checks the balance. Basically 1 mnemonic corresponds to 1 private key
which corresponds to one wal..."
♔ social security card - digital copy,This is a listing for a forged social security card. The card will look just like it looks in the picture. It will be a digital pdf copy as opposed to an actual card. If you do need an actual card I h...
♔ usa passport scan / digital copy ♔,This listing is for a scan / digital copy of a United States passport. This is by far the highest quality USA passport scan on the deep web. When this forgery was developed I covertly purchased passpo...
hq usa passport scans 2 pages very high quality,"HQ USA PASSPORT SCANS 2 PAGES  VERY HIGH QUALITY INSTANT DELIVERY

FROM REAL PERSONS NOT PHOTOSHOPPED

Use it to verify any online account (Ebay,paypal,venmo,bank,betfair,localbitcoin,skrill)

ALL the..."
make $20k selling branded counterfeit watches ebay,"★★★★★INSTANT DELIVERY TO YOUR INBOX★★★★★

MAKE $20k SELLING BRANDED COUNTERFEIT WATCHES ON EBAY

MAKE OVER $20,000 A WEEK SELLING BRANDED COUNTERFEIT WATCHES ON EBAY -
ARMANI, MICH..."
print usps/fedex/canada post labels anonymous,"★★★INSTANT DELIVERY TO YOUR INBOX★★★

-Dhl is also sometimes available

If you are looking for printed labels for your packages but want to stay
anonymous then this is for you.  I scoured ..."
android carding setup no rooting cashout hacking,"★★★★INSTANT DELIVERY TO YOUR INBOX★★★★

THIS IS THE BEST AND EASIEST GUIDE TO MAKING YOUR ANDROID DEVICE A CARDING
WEAPON, NO BULLSHIT.

EASY TO SETUP, NO ROOTING YOUR PHONE NEEDED, AL..."
1000 meters authentic amazon shipping tape,"ONLY 1 ROLL PER ORDER

is is 100% Authentic Amazon shipping tape. Add a little extra security to your package as well as have it fly RIGHT UNDER THE RADAR. People with our boxes which are also complet..."
amazon refund guide - extremely detailed,"INSTANT DELIVERY TO YOUR INBOX

This guide contains all the knowledge you need to successfully rape amazon
and never be caught, and what you do with this knowledge, is entirely up to
you.
This guide w..."
antidetect 7.3 + fraudfox vm +4000configs 2023,"INSTANT DELIVERY TO YOUR INBOX

ANTI DETECT BROWSER

Anti detect is perhaps considered the best and secure browser in the world
because of its many features including

?BROWSER FINGERPRINT

WHAT IS A ..."
one click mac address changer,"INSTANT  DELIVERY TO YOUR INBOX


 This is the easiest and most effective Mac Address changer on the
market."
fullz cashout guide latest cc/cvv online shopping,"★★★INSTANT DELIVERY TO YOUR INBOX★★★


This will teach you how to cashout CC/CVV and FULLZ online shopping.

IMPORTANT: THIS IS A GUIDE, NOT FULLZ"
antidetect 7.3 + fraudfox vm + ccleanerpro,"INSTANT DELIVERY TO YOUR INBOX

ANTI DETECT BROWSER

Anti detect is perhaps considered the best and secure browser in the world
because of its many features including

?BROWSER FINGERPRINT

WHAT IS A ..."
guide cc/cvv to gift cards including video,"INSTANT DELIVERY TO YOUR INBOX
Latest guides and videos on how to CASHOUT to gift cards!
This is a pack of multiple guides on gift carding and a list of easily
cardable websites to go with it."
how to safely pass counterfeit money,"★★★INSTANT DELIVERY TO YOUR INBOX★★★

This will teach you how to safely pass counterfeit money."
ssn card template,Several different versions of SSN card template with included font
cc validator ++ ipbin ++ bin checker ++bin search,"INSTANT DELIVERY TO YOUR INBOX

Validate, Verify  Check Credit Card or Debit Card Number

This checker will support all major credit and debit card brands: VISA,
MasterCard, American Express, Diners C..."
uber fraud pack make $2500 monthly,"INSTANT DELIVERY TO YOUR INBOX


This is VERY EASY to do and use and Replicate so you can literally
retire if you have enough accounts getting paid.

This quick and complete guide explains you how to ..."
ultimate launder money convert illegal money,"★★★★INSTANT  DELIVERY TO YOUR INBOX★★★★

This will teach you how to transform your dirty money in a 100% legit
money.

Wash out your illegal money and transform it in legal money which..."
make big money on darkmarkets become vendor guide,"INSTANT  DELIVERY TO YOUR INBOX

How to make BIG MONEY on DARKMARKETS 100% WORKING  NO BULLSHIT  step by
step guide.

You will learn to sell guides and tutorials in the dark market. I have more
than $..."
paypal latest cashout guide cc/cvv to btc,"★★★INSTANT DELIVERY TO YOUR INBOX★★★

This is an in depth guide on turning a paypal account to bitcoin.  Many
bitcoin selling exchanges accept paypal now.
It is an easy to follow guide on ..."
advanced pdf editor,"Advanced PDF Editor

Edit Bankdraft ,and all PDF Files
Remove Watermark , Pictures or replace , change text or remove

You will recieve download link in the Seller Note"
guide on how to make your own 100$ bills,"Guide Counterfeit Money Making How to Make $100 Bills INSTANT DELIVERY+ BONUS

Guide on how to make your own 100$ bills

From the famous : the Doctor !

Best guide ever

for instant delivery please do..."
"85,000 items fraud bible 36gb","INSTANT  DELIVERY TO YOUR INBOX

This is the largest pack on the market currently.  You will not find a
better deal anywhere else I guarantee it.  This has everything you would
ever need to become a p..."
apple pay carding guide make thousands updated,"★★★★INSTANT  DELIVERY TO YOUR INBOX★★★★

I would first like to introduce myself. My name is breadsdrugged,I have spent more than 5 years making money online with sly methods. 
I have a..."
bitcoin stealer + address generator easy,"★★★INSTANT DELIVERY TO YOUR INBOX★★★

This is the easiest to setup Bitcoin Stealer available on the market at
this time.  
Once you get setup and you disperse the stealer you can easily ma..."
easy cardable low security website list 10 000,"INSTANT DELIVERY TO YOUR INBOX

THIS LIST OF 10000 SITES WILL KEEP YOU BUSY FOR A LONG TIME.  STOP FAILING
AT THE MAJOR BULLSHIT SITES AND START WHERE THE PROS DO. 


CHECK OUT THE REST OF MY DIGITAL ..."
basic mistakes that lead to people gettingarrested,"Basic Mistakes That Lead To People Getting Arrested From Darknet Updated INSTANT DELIVERY +Bonus

Better safe than sorry 

+ BONUS"
20 carding videos + 55 methods cashout cc to btc,"ORIGINAL 20 CARDING VIDEOS + 55 METHOS CASHOUT CC TO BTC +45 GB
6k/Day + 12.000 METHODS 

 FREE BONUS ITEMS FOR LEAVING POSITIVE FEEDBACK 

Welcome, are you ready to make some serious cash? Enough buy..."
fbi hacking and forensic toolkit hack into phone,"INSTANT DELIVERY TO YOUR INBOX

Welcome,

This professional software worth THOUSANDS OF DOLLARS. for retrieving data,
bypassing passwords, decrypting passwords for computers phones extracting
data fro..."
western union and moneygram guide cc/cvv,"★★★★INSTANT  DELIVERY TO YOUR INBOX★★★★

This method is the fastest cashout method available at this tine and the
easiest. If done right you can cashout multiple times in one day.


We..."
$2752 ultimate poker cc cashout works worldwide,"INSTANT  DELIVERY TO YOUR INBOX

If you are searching for a carding method that:

-Cant get burned
-Its all virtual
-Makes you super rich

This guide will teach you how to cashout while anywhere in th..."
latest antidetect 7.3 +4000 configs 2023,"INSTANT  DELIVERY TO YOUR INBOX

ANTI DETECT BROWSER

Anti detect is perhaps considered the best and secure browser in the world
because of its many features including

?BROWSER FINGERPRINT

WHAT IS A..."
paypal latest guide cc/cvv to btc v2.0,"★★★INSTANT DELIVERY TO YOUR INBOX★★★

This is an in depth guide on turning a paypal account to bitcoin.  Many
bitcoin selling exchange accept paypal now."
uk fake id dvla quality driving licence,"(UK DL, SPANISH ID, DUTCH ID, IRISH ID CARDS AVAILABLE. )

This listing is for fake UK driving licences , NOT a scan or emailed image. You will receive the physical card in the post.
Our ids use the e..."
"prescription fraud university - usa min 1,000 day","This university will teach you all about prescription fraud and how to make prescriptions from scratch and get them to go through at the pharmacy.

The script templates are in label format so you woul..."
