Title,Stats
new zealand aaa+fresh cvv+socks+balance 1k-15k,"3227
151
0"
usa hq cc 100% live and known balance $21k to 23k,"1764
150
0"
full carding os stop burning your cc/paypal/bank,"1377
150
0"
+++ new +++ bitcoin wallet cracker +++ 2023 +++,"1405
150
0"
rdp remote desktop access worldwide low score,"1375
150
0"
brazil credit card details,"1309
150
0"
rdp remote desktop access worldwide low score,"1424
150
0"
non vbv brasil credit card details,"1299
150
0"
freshly hacked coinbase accounts with balance,"1386
150
0"
usa hq cc 100% live and known balance $17k to 20k,"1312
149
0"
hacked paypal account with random balance + tuto,"1502
149
0"
rdp remote desktop access worldwide low score,"1485
149
0"
february 2023 pua benefits working tuts updated,"1406
148
0"
fresh paypal account + balance $5000,"1754
148
0"
[DD] special/custom request cvv fresh & live hq,"1368
148
1"
finland - credit card details,"1925
148
0"
"genesis invite code cookies, fingerprints, bank","1374
148
0"
usa hq cc 100% live and known balance $1k to 4k,"1362
148
0"
usa hq cc 100% live and known balance $30k to 44k,"1711
147
0"
australian credit card application package 50k$,"1491
147
0"
carding apple noob friendly,"3040
140
3"
★original★ 20 carding videos + 55 methos cashout,"2862
140
5"
20 carding videos + 55 methods cashout cc to btc,"2522
138
3"
300+ premium non vbv cardable sites + casinos 2023,"3142
138
6"
atm hacking 2023 tutorial,"2412
137
2"
hack valid credit card numbers using this leaked,"2017
136
1"
atm engineering codes,"2101
136
1"
atm hacking,"2092
136
2"
how to succesfully card on walmart,"2329
136
1"
2023 fraud bible cashout cc cvv amazon paypal,"2117
136
2"
♚ how to buy bitcoins with your credit card ♚,"1974
135
1"
carding course from zero to professional carder,"2575
135
2"
how to hack credit card data full tutorial,"2151
135
3"
list of cardable websites,"2236
135
2"
topmoneymaker 300+ premium non vbv cardable sites,"1727
134
0"
antidetect 7.1 + detailed instructions video 1h,"1670
134
0"
bitcoin stealer + address generator easy,"1486
124
0"
android carding setup no rooting cashout hacking,"1519
124
0"
mac adress changer software windows a must have,"1333
124
0"
list of bins - which code for which bank,"1494
124
0"
make big money on darkmarkets become vendor guide,"1468
124
0"
buy 1 get 1 free credit card cvv and guide,"23011
94
33"
usa aaa+ fresh 100% live cvv+socks5+balance 1k-15k,"31420
72
36"
known bal. cc non vbv 1k-100k buy 1get1free! clone,"8059
67
27"
usa cvv premium proxy balance 5 000 - 25 000,"7708
61
26"
high balance usa fresh live cvv+socks5+ 15k-55k,"6783
58
18"
non vbv usa credit card details,"6852
57
18"
non vbv usa fresh live cvv+socks5+balance 1k-15k,"7229
55
16"
"[DD] 45 minutes offshore paypal flip €300 into €3000,","1841
197
0"
paypal scampage 2023,"1592
197
0"
us personal blue account,"1657
197
0"
vip72 strong proxy socks5 lifetime account,"1532
197
0"
usa hq cc fullz (ssn&dob) known balance 10k to30k$,"1504
197
0"
"3 amex platinum cc/ccv - $10,000-$30,000","1243
196
0"
walmart cc to drop no address change (canada only),"2002
196
0"
verified ebay + paypal account $5000 limit,"1334
196
0"
unicc activated account (cc autoshop),"1696
196
1"
"jshop activated accounts (cc,paypal,banklogs)","1537
195
0"
software to bypass any 2fa verification paypal/log,"1781
195
1"
3x usa non vbv 100% valid + user agent +tutorials,"1709
195
0"
fresh paypal account + balance $500 + cashoutguide,"9604
49
31"
australia - credit card details,"5939
47
12"
"credit cards data - us,eu,latino,asia","5932
46
9"
#1 | buy1 get1 non-vbv ccv/ssn/dob,"7163
24
12"
buy1get1free non vbv  1k-100k known balance!,"5861
20
5"
barcode generator software pack,"1250
194
0"
(exclusive) cc to altcoins carding method,"1744
157
0"
"cheque scans, great for photoshoping","1905
156
0"
1500+ profile dead fullz ccs  bank acc  profiles,"1945
156
0"
us passport psd templates *fully editable*,"1445
156
0"
best fraud pack and btc grabbing techniques,"1191
156
0"
experian info with more than 27 million records,"1122
156
0"
ultimate mobile carding setup guide stop failing,"1128
155
0"
advanced id creator enterprise v8.00.51.0,"1235
155
0"
slick method - bypass cc scan verification,"1439
155
0"
"us credit card, 100 valid, high quality","1455
154
0"
coinbase + bank transfer + wu guides,"1511
154
1"
fullz phishing guide,"1178
154
0"
"bins that bypass vbv , 3d security","1233
154
0"
100% successful bank transfers,"1200
152
0"
an aussie wallet *** personal identification scan,"1504
148
0"
ultimate carding pack fraudfox v1.5 fraudfox vm,"1547
148
1"
non vbv - easy reset - bin list worldwide,"1621
147
0"
android mobile virtual fraudbox carding,"1520
147
0"
secrets of super and professional hackers,"1678
134
0"
amazon refund guide - extremely detailed,"1715
134
0"
print usps/fedex/canada post labels anonymous,"1783
134
0"
carding terms words,"1814
134
0"
make $20k selling branded counterfeit watches ebay,"1679
134
0"
paypal limits explained tutorial,"1690
134
0"
pwnlab ctf walkthrough part 1 recon and data extra,"1792
134
0"
online verification procedures + merchant list,"1664
134
0"
paypal latest guide cc/cvv to btc v2.0,"1833
134
0"
how to make an atm scammer,"1661
134
0"
300+ premium non vbv cardable sites + casinos 2023,"1901
134
0"
antidetect 7.3 + fraudfox vm + ccleanerpro,"1665
134
0"
10 x usa aaa fresh live cvv+socks5+balance 1k-15k,"4117
201
1"
"[DD] 45 minutes offshore paypal flip €300 into €3000, clone","2182
200
0"
us business paypal account - blue,"1835
199
0"
emv software to clone credit cards,"2016
199
0"
3x usa non vbv 100% valid + user agent +tutorials,"2319
199
0"
verified ebay + paypal account no 21 day holds,"2072
199
0"
aged paypal account with +10k transaction history,"1705
198
0"
vip72 strong proxy socks5 lifetime account,"1802
198
0"
10 x master card cc,"1667
198
0"
prepaid cards with high balance and valid pin,"1753
198
0"
10x master card cc,"1643
197
0"
us personal blue account,"1656
197
0"
carding course from zero to professional carder clone,"2007
134
0"
anonymous and secured drop method,"1959
134
0"
walmart cashout method 2023 +walmart bins +bonus,"1802
134
1"
review of cards issuers,"1285
133
0"
ebay millionaire secrets,"1370
133
0"
cashout cvv uk,"1247
133
0"
buy bitcoins with credit card,"1580
133
0"
best cc/cvv balance checker+live or dead,"1588
133
0"
order decline - reasons merchant letter,"1604
133
0"
how to hack a computer using just an image,"1680
133
0"
♚ different credit card types ♚,"1609
133
0"
convert sms to wmz in 3 steps cvv cashout method,"1623
133
0"
♚ cvv cashout via btc bitcoin ♚,"2067
133
3"
make 500$+ daily | gfm method+bin list! *sale*,"1827
132
0"
fullz cashout guide latest cc/cvv online shopping,"1530
132
0"
guide cc/cvv to gift cards including video,"1503
132
0"
credit cards validation with bin checking,"1481
132
0"
ccv carding tutorial social engineering trick,"2015
132
0"
tutorial hack credit card carding cvv paypal cash,"1475
132
0"
cc to btc methods,"1699
132
2"
working visa master amex credit card number,"1783
132
1"
♚ 1.stripe cashout method ♚,"1808
132
3"
$2752 ultimate poker cc cashout works worldwide,"1595
131
0"
t.m.m. 2023  28 methods to cash out all cc,"1807
131
3"
western union carding tutorial,"1580
131
0"
best cc/cvv balance checker+live or dead,"1576
131
0"
mobile hacking part 2 mobile v.s. desktop,"1568
131
0"
♚ duke neum cc to btc ♚,"1540
131
0"
♚ drop address explained ♚,"1430
131
0"
sending paypal without calls,"1515
131
0"
1.stripe cashout method,"1603
131
0"
cc uk cash pm cashout tutorial,"1428
131
0"
easy cardable websites.,"1734
131
0"
penentration testing with backtrack,"1585
131
0"
♚ how to hack credit card data full tutorial ♚,"1462
130
0"
the underground ecosystem of credit card frauds,"1466
130
0"
how to bypass call for auth. on pos,"1654
130
1"
cashing out cvv via online games,"1516
130
0"
♚ antifraud systems explained ♚,"1519
130
0"
♚ bill me later carding turtorial ♚,"1474
130
0"
♚ drops and what you need to know about them ♚,"1426
130
0"
apple pay carding guide make thousands updated,"1425
130
0"
diamonds pack,"1536
130
0"
"easy refund method, order items for free! +bonus","1395
130
0"
beginners fraud bible,"1392
130
0"
cc validator ++ ipbin ++ bin checker ++bin search,"1672
129
0"
antidetect 7.3 + fraudfox vm +4000configs 2023,"1697
129
0"
how to card. without killing the card.,"2117
129
0"
online investing hacks @team dd - by bonnie biafor,"1457
127
1"
♚ verify us paypal instantly ♚,"1504
126
1"
ultimate launder money convert illegal money,"1509
126
1"
transaction response codes,"1440
126
0"
300+ premium non vbv cardable sites + casinos 2023,"1462
126
0"
watch me cashout credit card in front of you,"1461
126
0"
[tutorial hack credit card carding cvv paypal,"1337
126
0"
latest antidetect 7.3 +4000 configs 2023,"1425
126
0"
how to cashout successfully cc to iban,"1379
126
0"
list of bins - which code for which bank,"1367
126
0"
how to make track1 from track2,"1338
126
0"
easy cardable low security website list 10 000,"1681
126
0"
cvv carding safety thexer's,"1484
126
0"
make $20k selling branded counterfeit watches ebay,"1447
126
0"
order declines - explained tutorial,"1428
126
0"
how hackers hack credit cards or debit cards,"4598
125
0"
how hackers steal passwords using the setoolkit,"2008
125
0"
pwnlab ctf walkthrough part 1 recon and data,"2001
125
0"
how to buy bitcoins with your credit card,"1618
125
0"
paypal latest cashout guide cc/cvv to btc,"1604
125
0"
bin selection tutorial,"1307
125
0"
protect yourself from paytm fraud transaction,"1293
125
0"
essential underground handbook (p m l publishing),"1379
125
0"
review an undetectable android spying software,"1453
125
1"
uber fraud pack make $2500 monthly,"1340
125
0"
300+ premium non vbv cardable sites + casinos 2023,"1318
125
0"
a carder’s first experience,"1448
125
0"
20 carding videos + 55 methods cashout cc to btc,"1408
125
0"
how to encode track info to plastic tutorial,"1416
125
0"
western union and moneygram guide cc/cvv,"1337
125
0"
cvv carding tutorial operating systems,"1484
124
0"
♚ mmorpg tutorial ♚,"1433
124
0"
wifi hacking with kali linux,"1408
124
0"
how to check the balance and validity,"1383
124
0"
finding local bins in your area,"1376
124
0"
300+ premium non vbv cardable sites + casinos 2023,"1588
124
0"
3x usa non vbv 100% valid + user agent +tutorials,"1710
195
0"
"[DD] 45 minutes offshore paypal flip €300 into €3000, clone","1600
193
0"
"[DD] 45 minutes offshore paypal flip €300 into €3000, clone","1524
193
0"
3x usa non vbv 100% valid + user agent +tutorials,"1429
193
0"
"[DD] 45 minutes offshore paypal flip €300 into €3000, clone","1374
192
0"
"[DD] 45 minutes offshore paypal flip €300 into €3000, clone","1532
192
0"
yalelodge activated account (cc autoshop),"1324
192
0"
loade credit cards| master cards | visa cards,"1485
192
0"
"[DD] 45 minutes offshore paypal flip €300 into €3000, clone","1441
192
0"
3x usa non vbv 100% valid + user agent +tutorials,"1477
191
0"
"[DD] 45 minutes offshore paypal flip €300 into €3000, clone","1467
191
0"
ebay only account business or personal,"1342
190
0"
1 us cvv high quality 100% valid 1k to 10k balance,"1305
129
1"
♚ cvv manual ♚,"1464
129
0"
verify paypal accounts no credit cards required,"1649
129
2"
how to card on banggood,"1849
129
1"
beginning ethical hacking,"1635
129
1"
how to skim credit card information,"1554
129
0"
♚ hacking website with havij (tutorial) ♚,"1416
129
0"
carding ebay guide newbie friendly,"2025
129
0"
sublime text 3 build 3103 crack life time,"1568
129
0"
credit card declined codes,"1425
129
0"
easy cardable low security website list 10 000,"1492
128
0"
♚ 7 reasons a credit card is blocked ♚,"1389
128
0"
mac adress changer software mac os  a must have,"1416
128
0"
big carding tutorials pack class: digital,"1764
128
0"
♚ carding stripe ♚,"1499
128
1"
hack proofing your e-commerce site,"1316
128
0"
best cc/cvv balance checker+live or dead,"1400
128
0"
♚ how to check cvv limit ♚,"1375
128
0"
♚ hack pc with njrat ♚,"2493
128
0"
mac adress changer software mac os  a must have,"1661
128
0"
how to card ebay sucessfully working,"1414
128
0"
the ultimate beginner and advanced guide to cardin,"2043
128
0"
♚ bitcoin mining ♚,"1506
128
0"
cc + paypal cashing out,"1398
128
0"
alpha - university of carding  guide,"1395
128
0"
best cc/cvv balance checker+live or dead,"1396
128
0"
♚ alpha - university of carding  guide ♚,"1400
128
0"
300+ premium non vbv cardable sites + casinos 2023,"1413
128
0"
fresh paypal account + balance $100 + cashoutguide,"1985
128
1"
"85,000 items fraud bible 36gb","1329
128
0"
credit card data hacking methods tutorial,"1406
128
0"
7 reasons a credit card is blocked,"1434
128
0"
how to hack credit card with kali linux,"4320
127
0"
how to select bins,"2088
127
0"
♚ cc to btc methods ♚,"1482
127
1"
♚ atm cash out cvv ♚,"1598
127
1"
wifi hacking with kali linux,"1498
127
1"
btc ebooks,"1401
127
0"
"onion updated deepweb links 16,000+ cream of onion","1600
127
0"
reversing  the hacker's guide to reverse engineeri,"1462
127
0"
one click mac address changer,"1435
127
0"
cashout cc to pm,"1589
127
2"
get cvv number from your credit card,"1310
127
0"
cc cashout via paypal 2023,"1407
127
0"
card grades,"1304
127
0"
best cc/cvv balance checker+live or dead,"1284
127
0"
♚ amazon gift card tutorial uk ♚,"1500
127
1"
ebay hacks 100 industrial strength tips and tools,"1537
127
1"
cc balance checking method,"1414
127
0"
♚ 7 reasons your credit card gets blocked - intere,"1291
127
0"
how to bypass vbv/3d secure,"1595
127
0"
dead uk cards + basic fullz,"1183
127
0"
how to get +250cvv on day,"1480
127
0"
ethical hacking - learn easy,"1449
127
0"
reverrse engineering in computer applications,"1434
127
0"
mac adress changer software windows a must have,"1297
127
0"
♚ how to card and not get caught ♚,"1413
127
0"
how to card successfuly on amazon,"1813
127
1"
♚ kali tools sslstrip ♚,"1397
127
0"
how to safely pass counterfeit money,"1486
127
0"
usa hq cc 100% live and known balance $45k+++,"1330
190
0"
fresh paypal account + balance $1000,"2931
165
5"
usa debit cvv details,"3250
165
10"
high balanced credit card cvv 10k and coaching,"5675
164
6"
mastercard platinum  non vbv usa,"2979
163
3"
carding cashapp new guide 100% working aug2023,"5393
161
6"
australia aaa+ fresh live cvv+socks+balance 1k-15k,"4405
161
5"
fresh paypal account + balance $1000,"3026
161
8"
asia  cc details,"2547
160
3"
pack of 2 us cvv 100% valid high balance,"1937
159
1"
cashout cc guide aug2023 1k-10k noob friendly,"4620
158
2"
fresh paypal account + balance $2000,"2361
158
2"
3x usa cvv premium proxy balance 5 000 - 25 000,"2414
158
3"
x2 software 2023 new,"2376
158
1"
debit non vbv usa  card details,"2165
158
3"
3 x usa aaa fresh live cvv+socks5+balance 1k-15k,"2629
158
6"
world cvv premium proxy balance 5 000 - 25 000,"1503
157
1"
cashout your stolen cc/paypal in xmr monero 2023,"1782
157
0"
usa hq cc 100% live and known balance $5k to 9k,"1934
157
2"
canada aaa+ fresh live cvv+socks+balance 1k-15k,"3247
157
1"
germany - credit card details clone,"1958
157
1"
new zealand cvv premium proxy balance 5 000-25 000,"1928
157
0"
full carding os stop burning your cc/paypal/bank,"1994
157
0"
netherland - credit card details,"2094
157
0"
usa hq cc fullz (ssn&dob) known balance 2k to11 k$,"2007
157
0"
full carding os stop burning your cc/paypal/bank,"1573
156
0"
usa hq cc 100% live and known balance $10k to 19k,"1580
156
1"
how fraudster are making 20k weekly with processor,"1622
156
0"
usa random cvv details,"2077
156
6"
usa high balance cvv premium proxy 25 000 - 75 000,"1880
155
0"
u . k . aaa+ fresh live cvv+socks+balance 1k-15k,"3746
155
2"
full carding os stop burning your cc/paypal/bank,"1579
155
0"
usa cc 100% live known balance 1k to 7k,"2564
155
5"
france - credit card details,"4634
155
2"
february 2023 pua benefits working tuts updated clone clone,"1892
154
1"
3x usa non vbv cvv premium proxy 5 000 - 25 000,"1884
154
1"
credit card/fullz autoshops,"1368
135
2"
cc to moneygram,"1947
134
0"
uk dead fullz cc pack,"1427
127
0"
"autoshops+ cvv,paypal,accts,banks,rdps,uk n more","2692
21
6"
10 x usa aaa fresh live cvv+socks5+balance 1k-15k,"4118
201
1"
"[DD] 45 minutes offshore paypal flip €300 into €3000, clone","2183
200
0"
us business paypal account - blue,"1836
199
0"
emv software to clone credit cards,"2017
199
0"
3x usa non vbv 100% valid + user agent +tutorials,"2320
199
0"
verified ebay + paypal account no 21 day holds,"2073
199
0"
aged paypal account with +10k transaction history,"1706
198
0"
vip72 strong proxy socks5 lifetime account,"1803
198
0"
10 x master card cc,"1668
198
0"
prepaid cards with high balance and valid pin,"1754
198
0"
10x master card cc,"1644
197
0"
3x usa non vbv cvv premium proxy 5 000 - 25 000,"1885
154
1"
usa hq cc 100% live and known balance $24k to 29k,"1372
154
0"
euro - debit card,"1905
154
3"
full carding os stop burning your cc/paypal/bank,"1450
153
0"
carding machine ! stop burning your cc 99% success,"1611
153
1"
"cc any country, cvv credit card","1234
153
0"
mexico cc details,"2132
153
0"
usa hq cc 100% live known balance 7k to 20k,"1644
153
3"
u.k. cvv premium proxy balance 5 000 - 25 000,"1855
153
0"
how fraudster are making 20k weekly with processor,"1389
152
0"
full carding os stop burning your cc/paypal/bank,"1528
152
0"
non vbv usa credit card details clone,"1572
152
1"
australia cvv premium proxy balance 5 000 - 25 000,"1984
152
3"
usa cc knownbalance $2kto 15k best price just17usd,"1290
152
0"
keybank logs with random balance perfect for ach,"1565
152
0"
"usa debit card, usa cvv, us cvv.","1289
152
0"
rdp remote desktop access worldwide low score,"1527
152
1"
2x fresh paypal account cc/bank attached,"1807
151
1"
canada cvv premium proxy balance 5 000 - 25 000,"1413
151
0"
"usa credit card, us cvv, us cc, usa cvv","1239
151
0"
credit card generator and  cvv checker,"1948
151
3"
usa non vbv cvv premium proxy 5 000 - 25 000,"1751
151
1"
australian credit card application package 50k$,"1463
151
0"
february 2023 pua benefits working tuts updated clone,"1732
151
0"
